/* ================ CRIAÇÃO DAS TABELAS ================ */
CREATE TABLE ANIMAL(
    ID VARCHAR2(4) PRIMARY KEY,
    ESPECIE VARCHAR2(80) NOT NULL,
    ESTADO_SAUDE VARCHAR2(80),
    DATA_NASC DATE,
    ID_MAE VARCHAR2(4),
    
    CONSTRAINT FK_FILHO_MAE FOREIGN KEY (ID_MAE) REFERENCES ANIMAL (ID)
);

CREATE TABLE TERRESTRE(
    ID VARCHAR(4)PRIMARY KEY,
    ALTURA NUMBER(4,2),
    TIPO_ABRIGO VARCHAR2(80),
    CONSTRAINT PK_TERRESTRE_ANIMAL FOREIGN KEY (ID) REFERENCES ANIMAL (ID)
);

CREATE TABLE AEREO(
    ID VARCHAR(4) PRIMARY KEY,
    ENVERGADURA NUMBER(3,2), 
    ALTURA_VOO NUMBER(4,2),
    
    CONSTRAINT PK_AEREO_ANIMAL FOREIGN KEY (ID) REFERENCES ANIMAL (ID)
);

CREATE TABLE AQUATICO(
    ID VARCHAR2(4) PRIMARY KEY,
    COMPRIMENTO NUMBER(4,2),
    PROFUNDIDADE NUMBER(4,2),
    TAMANHO_PISCINA NUMBER(7,2),
    
    CONSTRAINT PK_AQUATICO_ANIMAL FOREIGN KEY (ID) REFERENCES ANIMAL (ID)
);

CREATE TABLE VETERINARIO(
    ID VARCHAR2(4) PRIMARY KEY,
    NOME VARCHAR2(80) NOT NULL,
    ESPECIALIZACAO VARCHAR2(80)
);

CREATE TABLE VETERINARIO_TELEFONE(
    TELEFONE VARCHAR2(11) PRIMARY KEY,
    ID VARCHAR2(4),
    
    CONSTRAINT FK_VET_TELEFONE FOREIGN KEY (ID) REFERENCES VETERINARIO (ID)
);

CREATE TABLE CONSULTA(
    ID_VET VARCHAR2(4),
    DATA_CONSULTA DATE,
    DIAGNOSTICO VARCHAR2(255),
    PRESCRICAO VARCHAR2(255),
    TIPO VARCHAR2(255),
    
    CONSTRAINT FK_CONSULTA_VET FOREIGN KEY (ID_VET) REFERENCES VETERINARIO(ID),
    CONSTRAINT PK_CONSULTA PRIMARY KEY (ID_VET, DATA_CONSULTA)
);

CREATE TABLE ANIMAL_CONSULTA(
    ID_VET VARCHAR2(4),
    DATA_CONSULTA DATE,
    ID_ANIMAL VARCHAR2(4),
    
    CONSTRAINT FK_CONSULTA FOREIGN KEY (ID_VET, DATA_CONSULTA) REFERENCES CONSULTA (ID_VET, DATA_CONSULTA),
    CONSTRAINT PK_ANIMAL_CONSULTA PRIMARY KEY (ID_VET, DATA_CONSULTA, ID_ANIMAL)
);

CREATE TABLE TRATADOR(
    ID VARCHAR2(4) PRIMARY KEY,
    NOME VARCHAR2(80),
    DATA_NASC DATE
);

CREATE TABLE TRATA(
    ID_TRATADOR VARCHAR2(4),
    ID_ANIMAL VARCHAR2(4),
    
    CONSTRAINT FK_TRATA_ANIMAL FOREIGN KEY (ID_ANIMAL) REFERENCES ANIMAL(ID),
    CONSTRAINT FK_TRATA_TRATADOR FOREIGN KEY (ID_TRATADOR) REFERENCES TRATADOR(ID),
    CONSTRAINT PK_TRATA PRIMARY KEY (ID_ANIMAL, ID_TRATADOR)
);

CREATE TABLE DIETA(
    ID VARCHAR2(4) PRIMARY KEY,
    QUANTIDADE NUMBER(5,2),
    DESCRICAO VARCHAR2(255),
    ID_TRATADOR VARCHAR2(4),
    ID_ANIMAL VARCHAR2(4),
    
    CONSTRAINT FK_DIETA_TRATA FOREIGN KEY (ID_TRATADOR, ID_ANIMAL) REFERENCES TRATA(ID_TRATADOR, ID_ANIMAL)
);

CREATE TABLE ZELADOR(
    ID VARCHAR2(4) PRIMARY KEY,
    NOME VARCHAR2(80)
);

CREATE TABLE JAULA(
    ID VARCHAR(4) PRIMARY KEY,
    ID_ZELADOR VARCHAR(4) UNIQUE,
    DATA_MANUTENCAO DATE, 

    CONSTRAINT FK_ZELADOR_JAULA FOREIGN KEY (ID_ZELADOR) REFERENCES ZELADOR(ID)
);

CREATE TABLE EXPOSICAO(
    ID VARCHAR2(4) PRIMARY KEY,
    NOME VARCHAR2(255), 
    DATA_INICIO DATE, 
    DATA_FIM DATE
);

CREATE TABLE EXPOE(
    ID_EXPO VARCHAR2(4),
    ID_ANIMAL VARCHAR2(4), 
    ID_JAULA VARCHAR2(4) NOT NULL, 

    CONSTRAINT FK_EXPOE_EXPO FOREIGN KEY (ID_EXPO) REFERENCES EXPOSICAO(ID), 
    CONSTRAINT FK_EXPOE_ANIMAL FOREIGN KEY (ID_ANIMAL) REFERENCES ANIMAL(ID),
    CONSTRAINT PK_EXPOE PRIMARY KEY (ID_EXPO, ID_ANIMAL) 
);

CREATE TABLE VISITANTE(
    CPF VARCHAR2(11) PRIMARY KEY,
    NOME VARCHAR2(80),
    CONTATO_EMAIL VARCHAR2(80),
    CONTATO_TELEFONE VARCHAR2(11) 
);

CREATE TABLE VISITA(
    CPF_VISITANTE VARCHAR2(11),
    ID_EXPO VARCHAR2(4),

    CONSTRAINT FK_VISITA_VISITANTE FOREIGN KEY (CPF_VISITANTE) REFERENCES VISITANTE(CPF),
    CONSTRAINT FK_VISITA_EXPO FOREIGN KEY (ID_EXPO) REFERENCES EXPOSICAO(ID),
    CONSTRAINT PK_VISITA PRIMARY KEY (CPF_VISITANTE, ID_EXPO) 
);

/* ================ POVOAMENTO DAS TABELAS ================ */
/* ======================== ANIMAL ======================== */ 
/* = ID_ANIMAL, ESPECIE, ESTADO_SAUDE, DATA_NASC, ID_MAE == */
INSERT INTO ANIMAL VALUES ('0011', 'MACACO', 'DOENTE', TO_DATE('20/02/2020', 'DD/MM/YYYY'), NULL);
INSERT INTO ANIMAL VALUES ('0022', 'MACACO', 'SAUDAVEL', TO_DATE('14/12/2023', 'DD/MM/YYYY'), '0111');
INSERT INTO ANIMAL VALUES ('0033', 'AVESTRUZ', 'SAUDAVEL', TO_DATE('12/09/2020', 'DD/MM/YYYY'), NULL);
INSERT INTO ANIMAL VALUES ('0044', 'PANDA', 'SAUDAVEL', TO_DATE('04/10/2017', 'DD/MM/YYYY'), NULL);
INSERT INTO ANIMAL VALUES ('0055', 'AGUIA', 'DOENTE', TO_DATE('16/05/2021', 'DD/MM/YYYY'), NULL);
INSERT INTO ANIMAL VALUES ('0066', 'HIPOPOTAMO', 'SAUDAVEL', TO_DATE('18/03/2016', 'DD/MM/YYYY'), NULL);
INSERT INTO ANIMAL VALUES ('0077', 'ARARA', 'SAUDAVEL', TO_DATE('12/09/2020', 'DD/MM/YYYY'), NULL);
INSERT INTO ANIMAL VALUES ('0088', 'MACACO', 'DOENTE', TO_DATE('01/08/2021', 'DD/MM/YYYY'), NULL);
INSERT INTO ANIMAL VALUES ('0099', 'ARARA', 'SAUDAVEL', TO_DATE('14/12/2023', 'DD/MM/YYYY'), '0077');
INSERT INTO ANIMAL VALUES ('0111', 'TIGRE', 'DOENTE', TO_DATE('09/07/2019', 'DD/MM/YYYY'), NULL);
INSERT INTO ANIMAL VALUES ('0122', 'LEAO-MARINHO', 'SAUDAVEL', TO_DATE('21/05/2016', 'DD/MM/YYYY'), NULL);
INSERT INTO ANIMAL VALUES ('0133', 'AVESTRUZ', 'SAUDAVEL', TO_DATE('03/09/2018', 'DD/MM/YYYY'), NULL);
INSERT INTO ANIMAL VALUES ('0144', 'PANDA', 'DOENTE', TO_DATE('28/12/2017', 'DD/MM/YYYY'), NULL);
INSERT INTO ANIMAL VALUES ('0155', 'LEAO-MARINHO', 'SAUDAVEL', TO_DATE('21/05/2018', 'DD/MM/YYYY'), NULL);
INSERT INTO ANIMAL VALUES ('0166', 'PINGUIM', 'SAUDAVEL', TO_DATE('23/03/2018', 'DD/MM/YYYY'), NULL);
INSERT INTO ANIMAL VALUES ('0177', 'MACACO', 'SAUDAVEL', TO_DATE('07/09/2018', 'DD/MM/YYYY'), NULL);
INSERT INTO ANIMAL VALUES ('0188', 'PINGUIM', 'DOENTE', TO_DATE('24/11/2015', 'DD/MM/YYYY'), NULL);
INSERT INTO ANIMAL VALUES ('0199', 'TUCANO', 'SAUDAVEL', TO_DATE('20/02/2020', 'DD/MM/YYYY'), NULL);
INSERT INTO ANIMAL VALUES ('0211', 'ARARA', 'SAUDAVEL', TO_DATE('18/03/2013', 'DD/MM/YYYY'), NULL);
INSERT INTO ANIMAL VALUES ('0222', 'PINGUIM', 'SAUDAVEL', TO_DATE('30/05/2022', 'DD/MM/YYYY'), '0188');
/* ====================== TERRESTRE ======================= */
/* ========== ID_TERRESTRE, ALTURA, TIPO_ABRIGO =========== */
INSERT INTO TERRESTRE VALUES ('0011', 0.65, 'CASA NA ARVORE' );
INSERT INTO TERRESTRE VALUES ('0022', 0.33, 'CASA NA ARVORE');
INSERT INTO TERRESTRE VALUES ('0033', 2.38, 'CABANA');
INSERT INTO TERRESTRE VALUES ('0044', 0.83, 'TOCA');
INSERT INTO TERRESTRE VALUES ('0066', 1.53, 'CABANA');
INSERT INTO TERRESTRE VALUES ('0088', 0.57, 'CASA NA ARVORE');
INSERT INTO TERRESTRE VALUES ('0111', 1.05, 'TOCA');
INSERT INTO TERRESTRE VALUES ('0133', 1.87, 'CABANA');
INSERT INTO TERRESTRE VALUES ('0144', 0.79, 'TOCA');
INSERT INTO TERRESTRE VALUES ('0177', 0.53, 'CASA NA ARVORE');
/* ======================== AEREO ========================= */
/* ========== ID_AEREO, ENVERGADURA, ALTURA_VOO =========== */
INSERT INTO AEREO VALUES ('0055', 1.96, 7.00);
INSERT INTO AEREO VALUES ('0077', 1.13, 3.00);
INSERT INTO AEREO VALUES ('0099', 0.94, 3.00);
INSERT INTO AEREO VALUES ('0199', 0.62, 2.00);
INSERT INTO AEREO VALUES ('0211', 0.83, 3.00);
/* ======================= AQUATICO ======================= */
/* ====== ID_AQUATICO, PROFUNDIDADE, TAMANHO_PISCINA ====== */
INSERT INTO AQUATICO VALUES ('0066', 3.85, 2.00, 48.00);
INSERT INTO AQUATICO VALUES ('0122', 1.93, 7.00, 63.00);
INSERT INTO AQUATICO VALUES ('0155', 1.67, 7.00, 63.00);
INSERT INTO AQUATICO VALUES ('0166', 0.54, 5.00, 64.00);
INSERT INTO AQUATICO VALUES ('0188', 0.62, 5.00, 64.00);
INSERT INTO AQUATICO VALUES ('0222', 0.32, 5.00, 64.00);
/* ====================== VETERINARIO ===================== */
/* ========= ID_VETERINARIO, NOME, ESPECIALIZACAO ========= */
INSERT INTO VETERINARIO VALUES ('1010', 'JOCICLEITON MARCOS', 'DERMATOLOGIA');
INSERT INTO VETERINARIO VALUES ('2020', 'LUANA AZEVEDO', 'ANALISE CLINICA');
INSERT INTO VETERINARIO VALUES ('3030', 'MURIEL RODRIGUES', 'ONCOLOGIA');
INSERT INTO VETERINARIO VALUES ('4040', 'JOSE ALENCAR', 'PATOLOGIA');
/* ================= VETERINARIO_TELEFONE ================= */
/* ============== NUMERO_TELEFONE, ID_ANIMAL ============== */
INSERT INTO VETERINARIO_TELEFONE VALUES ('990631537','1010');
INSERT INTO VETERINARIO_TELEFONE VALUES ('37171767','1010');
INSERT INTO VETERINARIO_TELEFONE VALUES ('991396753','2020');
INSERT INTO VETERINARIO_TELEFONE VALUES ('987639862','2020');
INSERT INTO VETERINARIO_TELEFONE VALUES ('37008875','2020');
INSERT INTO VETERINARIO_TELEFONE VALUES ('983036350','3030');
INSERT INTO VETERINARIO_TELEFONE VALUES ('992280918','4040');
INSERT INTO VETERINARIO_TELEFONE VALUES ('31178615','4040');
/* ======================= CONSULTA ======================= */
/* ===== ID_VET, DATA, DIAGNOSTICO, PRESCRICAO, TIPO ====== */
INSERT INTO CONSULTA VALUES ('4040', TO_DATE('28/08/2023', 'DD/MM/YYYY'), 'TUBERCULOSE', 'CORTICOIDES','PATOLOGIA');
INSERT INTO CONSULTA VALUES ('2020', TO_DATE('29/08/2023', 'DD/MM/YYYY'), 'GRAVIDEZ', 'ACOMPANHAMENTO','ANALISE CLINICA');
INSERT INTO CONSULTA VALUES ('1010', TO_DATE('09/09/2023', 'DD/MM/YYYY'), 'PODODERMATITE', 'ANTIBIOTICOS','DERMATOLOGIA');
INSERT INTO CONSULTA VALUES ('2020', TO_DATE('09/09/2023', 'DD/MM/YYYY'), 'ASMA', 'CORTICOIDE','ANALISE CLINICA');
INSERT INTO CONSULTA VALUES ('2020', TO_DATE('11/09/2023', 'DD/MM/YYYY'), 'ANEMIA', 'SUPLEMENTACAO ALIMENTAR','ANALISE CLINICA');
INSERT INTO CONSULTA VALUES ('2020', TO_DATE('15/09/2023', 'DD/MM/YYYY'), 'INSOLACAO', 'INTERNACAO','ANALISE CLINICA');
INSERT INTO CONSULTA VALUES ('3030', TO_DATE('16/09/2023', 'DD/MM/YYYY'), 'MELANOMA', 'QUIMIOTERAPIA','ONCOLOGIA');
INSERT INTO CONSULTA VALUES ('1010', TO_DATE('17/09/2023', 'DD/MM/YYYY'), 'DERMATITE', 'IMUNOTERAPIA','DERMATOLOGIA');
/* ==================== ANIMAL_CONSULTA =================== */
/* =========== ID_VETERINARIO, DATA, ID_ANIMAL ============ */
INSERT INTO ANIMAL_CONSULTA VALUES ('4040', TO_DATE('28/08/2023', 'DD/MM/YYYY'), '0088');
INSERT INTO ANIMAL_CONSULTA VALUES ('2020', TO_DATE('29/08/2023', 'DD/MM/YYYY'), '0011');
INSERT INTO ANIMAL_CONSULTA VALUES ('1010', TO_DATE('09/09/2023', 'DD/MM/YYYY'), '0188');
INSERT INTO ANIMAL_CONSULTA VALUES ('2020', TO_DATE('09/09/2023', 'DD/MM/YYYY'), '0055');
INSERT INTO ANIMAL_CONSULTA VALUES ('2020', TO_DATE('11/09/2023', 'DD/MM/YYYY'), '0011');
INSERT INTO ANIMAL_CONSULTA VALUES ('2020', TO_DATE('16/09/2023', 'DD/MM/YYYY'), '0144');
INSERT INTO ANIMAL_CONSULTA VALUES ('3030', TO_DATE('16/09/2023', 'DD/MM/YYYY'), '0111');
INSERT INTO ANIMAL_CONSULTA VALUES ('1010', TO_DATE('17/09/2023', 'DD/MM/YYYY'), '0144');
/* ======================= TRATADOR ======================= */
/* ========== ID_TRATADOR, NOME, DATA_NASCIMENTO ========== */
INSERT INTO TRATADOR VALUES ('1212', 'LUCAS SOUZA', TO_DATE('12/04/1990', 'DD/MM/YYYY'))
INSERT INTO TRATADOR VALUES ('2323', 'ISABELA RODRIGUES', TO_DATE('25/08/1985', 'DD/MM/YYYY'))
INSERT INTO TRATADOR VALUES ('3434', 'RAFAELA SILVA', TO_DATE('03/07/1992', 'DD/MM/YYYY'))
INSERT INTO TRATADOR VALUES ('4545', 'PEDRO MENDES', TO_DATE('17/01/1988', 'DD/MM/YYYY'))
INSERT INTO TRATADOR VALUES ('5656', 'BIANCA FERREIRA', TO_DATE('09/03/1994', 'DD/MM/YYYY'))
INSERT INTO TRATADOR VALUES ('6767', 'MATEUS PEREIRA', TO_DATE('21/09/1987', 'DD/MM/YYYY'))
INSERT INTO TRATADOR VALUES ('7878', 'LAURA ALMEIDA', TO_DATE('14/05/1991', 'DD/MM/YYYY'))
INSERT INTO TRATADOR VALUES ('8989', 'RODRIGO SANTOS', TO_DATE('08/11/1986', 'DD/MM/YYYY'))
/* ========================= TRATA ======================== */
/* ================ ID_TRATADOR, ID_ANIMAL ================ */
INSERT INTO TRATA VALUES ('6767', '0066')
INSERT INTO TRATA VALUES ('1212', '0066')
INSERT INTO TRATA VALUES ('2323', '0133')
INSERT INTO TRATA VALUES ('8989', '0177') 
INSERT INTO TRATA VALUES ('5656', '0222') 
INSERT INTO TRATA VALUES ('2323', '0033')
INSERT INTO TRATA VALUES ('8989', '0088')
INSERT INTO TRATA VALUES ('8989', '0011')
INSERT INTO TRATA VALUES ('8989', '0022')
INSERT INTO TRATA VALUES ('5656', '0188')
INSERT INTO TRATA VALUES ('5656', '0166')
INSERT INTO TRATA VALUES ('3434', '0099')
INSERT INTO TRATA VALUES ('3434', '0077')
INSERT INTO TRATA VALUES ('3434', '0211')
INSERT INTO TRATA VALUES ('4545', '0133')
INSERT INTO TRATA VALUES ('4545', '0033')
INSERT INTO TRATA VALUES ('7878', '0144')
INSERT INTO TRATA VALUES ('7878', '0044')
INSERT INTO TRATA VALUES ('1212', '0111')
INSERT INTO TRATA VALUES ('6767', '0055')
/* ========================= DIETA ======================== */
/* ID_DIETA, QUANTIDADE, DESCRICAO, ID_TRATADOR, ID_ANIMAL  */
INSERT INTO DIETA VALUES ('0001', 45.00, 'CAPIM', '6767', '0066');
INSERT INTO DIETA VALUES ('0011', 0.50, 'RACAO', '2323', '0133');
INSERT INTO DIETA VALUES ('0111', 1.50, 'CAPIM', '2323', '0133');
INSERT INTO DIETA VALUES ('1112', 0.75, 'FRUTAS', '8989', '0177');
INSERT INTO DIETA VALUES ('1122', 0.30, 'PEIXES', '5656', '0222');
INSERT INTO DIETA VALUES ('1222', 32.50, 'BAMBU', '7878', '0044');
INSERT INTO DIETA VALUES ('2223', 0.15, 'NOZES', '3434', '0099');
INSERT INTO DIETA VALUES ('2233', 6.00, 'CARNE', '1212', '0111');
INSERT INTO DIETA VALUES ('2333', 0.50, 'CARNE', '6767', '0055');
INSERT INTO DIETA VALUES ('3334', 0.25, 'FRUTAS', '3434', '0099');
INSERT INTO DIETA VALUES ('3344', 0.40, 'VEGETAIS', '8989', '0177');
INSERT INTO DIETA VALUES ('3444', 0.20, 'SEMENTES', '3434', '0099');
INSERT INTO DIETA VALUES ('4445', 10.00, 'VEGETAIS', '6767', '0066');
INSERT INTO DIETA VALUES ('4455', 0.50, 'SEMENTES', '2323', '0133');
INSERT INTO DIETA VALUES ('4555', 0.80, 'VEGETAIS', '2323', '0133');
/* ======================== ZELADOR ======================= */
/* ==================== ID_ZELADOR, NOME ================== */
INSERT INTO ZELADOR VALUES ('0110', 'CARLOS SILVA');
INSERT INTO ZELADOR VALUES ('0220', 'MARIA OLIVEIRA');
INSERT INTO ZELADOR VALUES ('0330', 'JOAO SANTOS');
INSERT INTO ZELADOR VALUES ('0440', 'ANA PEREIRA');
INSERT INTO ZELADOR VALUES ('0550', 'LUÍSA COSTA');
INSERT INTO ZELADOR VALUES ('0660', 'ISABEL GOMES');
INSERT INTO ZELADOR VALUES ('0770', 'ANTONIO ALMEIDA');
INSERT INTO ZELADOR VALUES ('0880', 'LEONARDO MARTINS');
INSERT INTO ZELADOR VALUES ('0990', 'DANIEL RODRIGUES');
/* ========================= JAULA ======================== */
/* ======== ID_JAULA, DATA_MANUTENCAO, ID_ZELADOR ========= */
INSERT INTO JAULA VALUES ('1001', '0110', TO_DATE('12/04/2023', 'DD/MM/YYYY'));
INSERT INTO JAULA VALUES ('2112', '0880', TO_DATE('03/06/2023', 'DD/MM/YYYY'));
INSERT INTO JAULA VALUES ('3223', '0330', TO_DATE('25/07/2023', 'DD/MM/YYYY'));
INSERT INTO JAULA VALUES ('4334', '0440', TO_DATE('18/08/2023', 'DD/MM/YYYY'));
INSERT INTO JAULA VALUES ('5445', '0770', TO_DATE('06/09/2023', 'DD/MM/YYYY'));
/* ======================= EXPOSICAO ====================== */
/* ====== ID_EXPOSICAO, NOME, DATA_INICIO, DATA_FIM ======= */
INSERT INTO EXPOSICAO VALUES('1234', 'NATUREZA COM ESTILO', TO_DATE('10/05/2023', 'DD/MM/YYYY'), TO_DATE('30/06/2023', 'DD/MM/YYYY'));
INSERT INTO EXPOSICAO VALUES('3456', 'SEABORN', TO_DATE('11/07/2023', 'DD/MM/YYYY'), TO_DATE('30/08/2023', 'DD/MM/YYYY'));
INSERT INTO EXPOSICAO VALUES('5678', 'AVES DO PARAISO', TO_DATE('05/09/2023', 'DD/MM/YYYY'), TO_DATE('31/10/2023', 'DD/MM/YYYY'));

SELECT *
FROM JAULA
/* ========================= EXPOE ======================== */
/* ============= ID_EXPO, ID_JAULA, ID_ANIMAL ============= */
INSERT INTO EXPOE VALUES ('1234', '0044', '1001');
INSERT INTO EXPOE VALUES ('1234', '0144', '1001');
INSERT INTO EXPOE VALUES ('1234', '0166', '4334');
INSERT INTO EXPOE VALUES ('1234', '0188', '4334');
INSERT INTO EXPOE VALUES ('1234', '0111', '2112');

INSERT INTO EXPOE VALUES ('3456', '0166', '4334');
INSERT INTO EXPOE VALUES ('3456', '0188', '4334');
INSERT INTO EXPOE VALUES ('3456', '0155', '5445');
INSERT INTO EXPOE VALUES ('3456', '0122', '5445');

INSERT INTO EXPOE VALUES ('5678', '0077', '3223');
INSERT INTO EXPOE VALUES ('5678', '0099', '3223');
INSERT INTO EXPOE VALUES ('5678', '0211', '3223');
INSERT INTO EXPOE VALUES ('5678', '0199', '3223');
INSERT INTO EXPOE VALUES ('5678', '0055', '2112');
/* ======================= VISITANTE ====================== */
/* ============== CPF, NOME, EMAIL, TELEFONE ============== */
INSERT INTO VISITANTE VALUES ('00340011859', 'ANA SILVA', 'anasilva@email.com', '123456789');
INSERT INTO VISITANTE VALUES ('11788945270', 'PEDRO SANTOS', 'pedrosantos@email.com', '234567890');
INSERT INTO VISITANTE VALUES ('22767731024', 'MARIA OLIVEIRA', 'mariaoliveira@email.com', '345678901');
INSERT INTO VISITANTE VALUES ('33210178954', 'JOAO SOUZA', 'joaosouza@email.com', '456789012');
INSERT INTO VISITANTE VALUES ('44653971145', 'LAURA ALMEIDA', 'lauraalmeida@email.com', '567890123');
INSERT INTO VISITANTE VALUES ('55560113384', 'MARCOS PEREIRA', 'marcospereira@email.com', '678901234');
INSERT INTO VISITANTE VALUES ('66431029753', 'JULIA CARVALHO', 'juliacarvalho@email.com', '789012345');
INSERT INTO VISITANTE VALUES ('77451186349', 'ANDRE COSTA', 'andrecosta@email.com', '890123456');
INSERT INTO VISITANTE VALUES ('88540396577', 'CAROLINA RIBEIRO', 'carolinaribeiro@email.com', '901234567');
INSERT INTO VISITANTE VALUES ('99659852230', 'GUSTAVO FERREIRA', 'gustavoferreira@email.com', '543267954');
INSERT INTO VISITANTE VALUES ('10761388046', 'SOFIA LIMA', 'sofialima@email.com', '729374572');
INSERT INTO VISITANTE VALUES ('11450196325', 'RAFAELA MENDES', 'rafaelamendes@email.com', '738273649');
INSERT INTO VISITANTE VALUES ('22657891123', 'LUIZ TORRES', 'luiztorres@email.com', '953689531');
INSERT INTO VISITANTE VALUES ('33543297741', 'ISABELLA ROCHA', 'isabellarocha@email.com', '572257863');
INSERT INTO VISITANTE VALUES ('44451208231', 'MIGUEL FERNANDES', 'miguelfernandes@email.com', '863268527');
/* ======================== VISITA ======================== */
/* ================ CPF_VISITANTE, ID_EXPO ================ */
INSERT INTO VISITA VALUES ('66431029753', '1234');
INSERT INTO VISITA VALUES ('55560113384', '1234');
INSERT INTO VISITA VALUES ('10761388046', '1234');
INSERT INTO VISITA VALUES ('11788945270', '1234');
INSERT INTO VISITA VALUES ('44451208231', '1234');
INSERT INTO VISITA VALUES ('77451186349', '1234');
INSERT INTO VISITA VALUES ('22657891123', '1234');
INSERT INTO VISITA VALUES ('99659852230', '3456');
INSERT INTO VISITA VALUES ('00340011859', '3456');
INSERT INTO VISITA VALUES ('44653971145', '3456');
INSERT INTO VISITA VALUES ('11450196325', '3456');
INSERT INTO VISITA VALUES ('22767731024', '3456');
INSERT INTO VISITA VALUES ('55560113384', '3456');
INSERT INTO VISITA VALUES ('33543297741', '3456');
INSERT INTO VISITA VALUES ('77451186349', '5678');
INSERT INTO VISITA VALUES ('22657891123', '5678');
INSERT INTO VISITA VALUES ('33543297741', '5678');
INSERT INTO VISITA VALUES ('33210178954', '5678');
INSERT INTO VISITA VALUES ('88540396577', '5678');
INSERT INTO VISITA VALUES ('11450196325', '5678');